BEGIN
INSERT INTO dostawcy(NIP,NUMER_KONTA,NAZWA_DOSTAWCY,LOKALIZACJA,REGON) VALUES ('158-739332-6','56132024177384273417431952','Xeno','Lodz',380186266);
INSERT INTO dostawcy(NIP,NUMER_KONTA,NAZWA_DOSTAWCY,LOKALIZACJA,REGON) VALUES ('796-887337-4','83105017510114785571462892','Quirky','Katowice',380186266);
INSERT INTO dostawcy(NIP,NUMER_KONTA,NAZWA_DOSTAWCY,LOKALIZACJA,REGON) VALUES ('762-426381-7','75860200009230985931973494','Crossen','Olsztyn',380186266);
INSERT INTO dostawcy(NIP,NUMER_KONTA,NAZWA_DOSTAWCY,LOKALIZACJA,REGON) VALUES ('5170420502','49102028922276300500000000','Alvaro''s Welding','Radom',380186266);
INSERT INTO dostawcy(NIP,NUMER_KONTA,NAZWA_DOSTAWCY,LOKALIZACJA,REGON) VALUES ('5170320054','14114012258056577204100000','Gas Gas','Brzozow',380186266);
INSERT INTO dostawcy(NIP,NUMER_KONTA,NAZWA_DOSTAWCY,LOKALIZACJA,REGON) VALUES ('121-937705-5','17109011024807810398080643','Axius','Warszawa',380186266);
INSERT INTO dostawcy(NIP,NUMER_KONTA,NAZWA_DOSTAWCY,LOKALIZACJA,REGON) VALUES ('dd','31232132131231111111111111','dwada','dwada',2);
INSERT INTO dostawcy(NIP,NUMER_KONTA,NAZWA_DOSTAWCY,LOKALIZACJA,REGON) VALUES ('776-794250-7','41888310286259406855643239','Tawak','Zabrze',380186266);
INSERT INTO dostawcy(NIP,NUMER_KONTA,NAZWA_DOSTAWCY,LOKALIZACJA,REGON) VALUES ('0224111111','49102028922276300500000000','Kawasaki','Nagasaki',380186266);
INSERT INTO dostawcy(NIP,NUMER_KONTA,NAZWA_DOSTAWCY,LOKALIZACJA,REGON) VALUES ('2233','49102028922276300500000000','Yokohama','Tokyo',3232);
INSERT INTO dostawcy(NIP,NUMER_KONTA,NAZWA_DOSTAWCY,LOKALIZACJA,REGON) VALUES ('3333333333333','49102028922276300500000000','SUZUKI','Tokyo',32131231);
END;

BEGIN
INSERT INTO kategoria(KATEGORIA,NAZWA_KATEGORII) VALUES (1,'Kaski');
INSERT INTO kategoria(KATEGORIA,NAZWA_KATEGORII) VALUES (2,'Opony');
INSERT INTO kategoria(KATEGORIA,NAZWA_KATEGORII) VALUES (3,'Smary');
INSERT INTO kategoria(KATEGORIA,NAZWA_KATEGORII) VALUES (4,'Oleje');
INSERT INTO kategoria(KATEGORIA,NAZWA_KATEGORII) VALUES (5,'Filtry');
INSERT INTO kategoria(KATEGORIA,NAZWA_KATEGORII) VALUES (6,'Zawieszenie');
INSERT INTO kategoria(KATEGORIA,NAZWA_KATEGORII) VALUES (7,'Klocki hamulcowe');
INSERT INTO kategoria(KATEGORIA,NAZWA_KATEGORII) VALUES (8,'Elektryka');
INSERT INTO kategoria(KATEGORIA,NAZWA_KATEGORII) VALUES (9,'Rama i czesci nadwozia');
INSERT INTO kategoria(KATEGORIA,NAZWA_KATEGORII) VALUES (10,'Lampy');
END;

BEGIN
INSERT INTO klienci(ID_KLIENTA,NAZWISKO,IMIE,NIP,NUMER_KONTA,EMAIL,POTWIERDZONY_MAIL,HASLO,RABAT,PUNKTY,KOD_POCZTOWY,MIEJSCOWOSC,ULICA,NUMER__DOMU,DARMOWA_DOSTAWA,ROLA_UZYTKOWNIKA) VALUES (232,'Kowalski','Adam',NULL,NULL,'fajafon323@tohup.com','TAK','Qwerty1!',5,NULL,'32-231','Warszawa',NULL,23,NULL,'user');
INSERT INTO klienci(ID_KLIENTA,NAZWISKO,IMIE,NIP,NUMER_KONTA,EMAIL,POTWIERDZONY_MAIL,HASLO,RABAT,PUNKTY,KOD_POCZTOWY,MIEJSCOWOSC,ULICA,NUMER__DOMU,DARMOWA_DOSTAWA,ROLA_UZYTKOWNIKA) VALUES (120,'Arturowski','Artur',NULL,'49102028922276300500000000','sebek@gmail.com','TAK','Sebek1355+',NULL,NULL,'39-232','Rzeszow',NULL,11,NULL,NULL);
INSERT INTO klienci(ID_KLIENTA,NAZWISKO,IMIE,NIP,NUMER_KONTA,EMAIL,POTWIERDZONY_MAIL,HASLO,RABAT,PUNKTY,KOD_POCZTOWY,MIEJSCOWOSC,ULICA,NUMER__DOMU,DARMOWA_DOSTAWA,ROLA_UZYTKOWNIKA) VALUES (172,'Zlotek','Sebastian',NULL,'49102028922276300500000000','theadvancce@gmail.com','TAK','Makarena1337*',NULL,NULL,'38-123','Wysoka',NULL,112,NULL,'admin');
INSERT INTO klienci(ID_KLIENTA,NAZWISKO,IMIE,NIP,NUMER_KONTA,EMAIL,POTWIERDZONY_MAIL,HASLO,RABAT,PUNKTY,KOD_POCZTOWY,MIEJSCOWOSC,ULICA,NUMER__DOMU,DARMOWA_DOSTAWA,ROLA_UZYTKOWNIKA) VALUES (192,'TESCIK','TESCIK',NULL,'49102028922276300500000000','dimar52570@unicsite.com','TAK','Bulbazaur1D1X!@',NULL,NULL,'32-231','Rzeszow',NULL,11,NULL,'admin');
INSERT INTO klienci(ID_KLIENTA,NAZWISKO,IMIE,NIP,NUMER_KONTA,EMAIL,POTWIERDZONY_MAIL,HASLO,RABAT,PUNKTY,KOD_POCZTOWY,MIEJSCOWOSC,ULICA,NUMER__DOMU,DARMOWA_DOSTAWA,ROLA_UZYTKOWNIKA) VALUES (7,'Dabrowska','Jolanta',NULL,'49102028922276300500000000','jola123@gmail.com','Tak','46HRSF#^s',5,0,'85-569','Bydgoszcz','Mochelska',129,NULL,NULL);
INSERT INTO klienci(ID_KLIENTA,NAZWISKO,IMIE,NIP,NUMER_KONTA,EMAIL,POTWIERDZONY_MAIL,HASLO,RABAT,PUNKTY,KOD_POCZTOWY,MIEJSCOWOSC,ULICA,NUMER__DOMU,DARMOWA_DOSTAWA,ROLA_UZYTKOWNIKA) VALUES (115,'Grechudaaa','Marek',NULL,'49102028922276300500000000','xiyifap529@cmeinbox.com',NULL,'test1!d!2',NULL,NULL,'32-321','rzeszow',NULL,1,NULL,NULL);
INSERT INTO klienci(ID_KLIENTA,NAZWISKO,IMIE,NIP,NUMER_KONTA,EMAIL,POTWIERDZONY_MAIL,HASLO,RABAT,PUNKTY,KOD_POCZTOWY,MIEJSCOWOSC,ULICA,NUMER__DOMU,DARMOWA_DOSTAWA,ROLA_UZYTKOWNIKA) VALUES (212,'Koczynasz','Jonasz',NULL,NULL,'JONASZ2105@GMAIL.COM','TAK','qwerty1!',5,NULL,'36-21','Rzeszow',NULL,21,NULL,'admin');
INSERT INTO klienci(ID_KLIENTA,NAZWISKO,IMIE,NIP,NUMER_KONTA,EMAIL,POTWIERDZONY_MAIL,HASLO,RABAT,PUNKTY,KOD_POCZTOWY,MIEJSCOWOSC,ULICA,NUMER__DOMU,DARMOWA_DOSTAWA,ROLA_UZYTKOWNIKA) VALUES (3,'Jablonska','Bronislawa',NULL,'49102028922276300500000000','jablonskabronislawa@wp.pl','-','jjhgkdjhfa',0,0,'01-456','Warszawa','Mroczna',142,NULL,NULL);
INSERT INTO klienci(ID_KLIENTA,NAZWISKO,IMIE,NIP,NUMER_KONTA,EMAIL,POTWIERDZONY_MAIL,HASLO,RABAT,PUNKTY,KOD_POCZTOWY,MIEJSCOWOSC,ULICA,NUMER__DOMU,DARMOWA_DOSTAWA,ROLA_UZYTKOWNIKA) VALUES (152,'Kapela','Maciek',NULL,'49102028922276300500000000','xiyifap529@cmeinbox.com','TAK','maciek123!',NULL,NULL,'32-321','Rzeszow',NULL,32,NULL,'user');
INSERT INTO klienci(ID_KLIENTA,NAZWISKO,IMIE,NIP,NUMER_KONTA,EMAIL,POTWIERDZONY_MAIL,HASLO,RABAT,PUNKTY,KOD_POCZTOWY,MIEJSCOWOSC,ULICA,NUMER__DOMU,DARMOWA_DOSTAWA,ROLA_UZYTKOWNIKA) VALUES (2,'Ostrowski','Bozydar','379-108107-6','49102028922276300500000000','bozydarostrowski@wp.pl','-','trhygj',0,0,'10-634','Olsztyn','Goldapska',88,NULL,NULL);
INSERT INTO klienci(ID_KLIENTA,NAZWISKO,IMIE,NIP,NUMER_KONTA,EMAIL,POTWIERDZONY_MAIL,HASLO,RABAT,PUNKTY,KOD_POCZTOWY,MIEJSCOWOSC,ULICA,NUMER__DOMU,DARMOWA_DOSTAWA,ROLA_UZYTKOWNIKA) VALUES (4,'Gorska','Karolina',NULL,'49102028922276300500000000','gorskakarolina@gmail.com','Tak','rhtjyuhgfds',5,0,'53-144','Wroclaw','Ulanowskiego Boleslawa',72,NULL,NULL);
INSERT INTO klienci(ID_KLIENTA,NAZWISKO,IMIE,NIP,NUMER_KONTA,EMAIL,POTWIERDZONY_MAIL,HASLO,RABAT,PUNKTY,KOD_POCZTOWY,MIEJSCOWOSC,ULICA,NUMER__DOMU,DARMOWA_DOSTAWA,ROLA_UZYTKOWNIKA) VALUES (5,'Burczyk','Robert',NULL,'49102028922276300500000000','burczyk@onet.pl','Tak','fnghmzd#^S',5,0,'50-430','Wroclaw','Brzeska',143,NULL,NULL);
INSERT INTO klienci(ID_KLIENTA,NAZWISKO,IMIE,NIP,NUMER_KONTA,EMAIL,POTWIERDZONY_MAIL,HASLO,RABAT,PUNKTY,KOD_POCZTOWY,MIEJSCOWOSC,ULICA,NUMER__DOMU,DARMOWA_DOSTAWA,ROLA_UZYTKOWNIKA) VALUES (116,'Szeliga','Darek',NULL,'49102028922276300500000000','gisotygi@ema-sofia.eu',NULL,'test1!2d',NULL,NULL,'32-321','Rzeszow',NULL,123,NULL,NULL);
INSERT INTO klienci(ID_KLIENTA,NAZWISKO,IMIE,NIP,NUMER_KONTA,EMAIL,POTWIERDZONY_MAIL,HASLO,RABAT,PUNKTY,KOD_POCZTOWY,MIEJSCOWOSC,ULICA,NUMER__DOMU,DARMOWA_DOSTAWA,ROLA_UZYTKOWNIKA) VALUES (136,'laspimupsu','laspimupsu',NULL,'49102028922276300500000000','laspimupsu@gufum.com','TAK','laspimupsu1!2',NULL,NULL,'132-31','rzeszow',NULL,321,NULL,'user');
INSERT INTO klienci(ID_KLIENTA,NAZWISKO,IMIE,NIP,NUMER_KONTA,EMAIL,POTWIERDZONY_MAIL,HASLO,RABAT,PUNKTY,KOD_POCZTOWY,MIEJSCOWOSC,ULICA,NUMER__DOMU,DARMOWA_DOSTAWA,ROLA_UZYTKOWNIKA) VALUES (155,'Kolasa','Konrad',NULL,'49102028922276300500000000','muka@gmail.com',NULL,'Kolasix333@',NULL,NULL,'99-132','Kakakolowka',NULL,333,NULL,'user');
END;

BEGIN
INSERT INTO stanowisko(ID_STANOWISKA,NAZWA,PLACA) VALUES (1,'Wlasciciel',10000);
INSERT INTO stanowisko(ID_STANOWISKA,NAZWA,PLACA) VALUES (2,'Kierownik',6000);
INSERT INTO stanowisko(ID_STANOWISKA,NAZWA,PLACA) VALUES (3,'Sprzedawca',3520.21);
INSERT INTO stanowisko(ID_STANOWISKA,NAZWA,PLACA) VALUES (4,'Mechanik',3534.12);
END;

BEGIN
INSERT INTO pracownicy(PESEL,NAZWISKO,IMIE,STANOWISKO,CZAS_PRACY,DNI_URLOPU,KOD_POCZTOWY,MIEJSCOWOSC,ULICA,NUMER_DOMU,WYKORZYSTANY_URLOP) VALUES (33051265986,'Zielinska','Czeslawa',3,14,31,'38-140','Strzyzow','Lukasiewicza','5/10','01/04/2023');
INSERT INTO pracownicy(PESEL,NAZWISKO,IMIE,STANOWISKO,CZAS_PRACY,DNI_URLOPU,KOD_POCZTOWY,MIEJSCOWOSC,ULICA,NUMER_DOMU,WYKORZYSTANY_URLOP) VALUES (91010954643,'Majewska','Adrianna',2,16,10,'35-035','Rzeszow','Langiewicza','22','01/04/2023');
INSERT INTO pracownicy(PESEL,NAZWISKO,IMIE,STANOWISKO,CZAS_PRACY,DNI_URLOPU,KOD_POCZTOWY,MIEJSCOWOSC,ULICA,NUMER_DOMU,WYKORZYSTANY_URLOP) VALUES (21321312312,'Kowalski','Adam',3,0,0,'21-321','Rzeszow',NULL,'23','01/25/2023');
INSERT INTO pracownicy(PESEL,NAZWISKO,IMIE,STANOWISKO,CZAS_PRACY,DNI_URLOPU,KOD_POCZTOWY,MIEJSCOWOSC,ULICA,NUMER_DOMU,WYKORZYSTANY_URLOP) VALUES (3022059708,'Adamski','Bonifacy',3,16,20,'37-073','Wola Zglobienska',NULL,'675','01/04/2023');
INSERT INTO pracownicy(PESEL,NAZWISKO,IMIE,STANOWISKO,CZAS_PRACY,DNI_URLOPU,KOD_POCZTOWY,MIEJSCOWOSC,ULICA,NUMER_DOMU,WYKORZYSTANY_URLOP) VALUES (4102826144,'Kaminska','Jaroslawa',1,15,17,'30-030','Krakow','al. Sikorskiego','22/55','01/04/2023');
INSERT INTO pracownicy(PESEL,NAZWISKO,IMIE,STANOWISKO,CZAS_PRACY,DNI_URLOPU,KOD_POCZTOWY,MIEJSCOWOSC,ULICA,NUMER_DOMU,WYKORZYSTANY_URLOP) VALUES (99091440903,'Nowicki','Kasper',3,16,14,'60-123','Wroclaw','Suchodolskiego','400','01/04/2023');
INSERT INTO pracownicy(PESEL,NAZWISKO,IMIE,STANOWISKO,CZAS_PRACY,DNI_URLOPU,KOD_POCZTOWY,MIEJSCOWOSC,ULICA,NUMER_DOMU,WYKORZYSTANY_URLOP) VALUES (94042328334,'Kowal','Barbara',2,2,2,'21-321','Warszawa',NULL,'32','01/26/2023');
END;

BEGIN
INSERT INTO zamowienia(ID_ZAMOWIENIA,KLIENT,NALEZNOSC,DATA_ZAMOWIENIA,ZWROT) VALUES (1,2,321,'01/15/2023','Nie');
INSERT INTO zamowienia(ID_ZAMOWIENIA,KLIENT,NALEZNOSC,DATA_ZAMOWIENIA,ZWROT) VALUES (2,2,1252.31,'01/14/2020','Nie');
INSERT INTO zamowienia(ID_ZAMOWIENIA,KLIENT,NALEZNOSC,DATA_ZAMOWIENIA,ZWROT) VALUES (4,4,2312.99,'05/06/2021','Nie');
INSERT INTO zamowienia(ID_ZAMOWIENIA,KLIENT,NALEZNOSC,DATA_ZAMOWIENIA,ZWROT) VALUES (6,212,4360,'04/29/2018','Nie');
INSERT INTO zamowienia(ID_ZAMOWIENIA,KLIENT,NALEZNOSC,DATA_ZAMOWIENIA,ZWROT) VALUES (10,120,600,'01/16/2023','Nie');
INSERT INTO zamowienia(ID_ZAMOWIENIA,KLIENT,NALEZNOSC,DATA_ZAMOWIENIA,ZWROT) VALUES (9,136,1500,'09/30/2022','Nie');
INSERT INTO zamowienia(ID_ZAMOWIENIA,KLIENT,NALEZNOSC,DATA_ZAMOWIENIA,ZWROT) VALUES (3,3,600.5,'03/01/2021','Nie');
INSERT INTO zamowienia(ID_ZAMOWIENIA,KLIENT,NALEZNOSC,DATA_ZAMOWIENIA,ZWROT) VALUES (5,5,2131.12,'06/23/2021','Nie');
INSERT INTO zamowienia(ID_ZAMOWIENIA,KLIENT,NALEZNOSC,DATA_ZAMOWIENIA,ZWROT) VALUES (7,152,250,'11/06/2022','Nie');
INSERT INTO zamowienia(ID_ZAMOWIENIA,KLIENT,NALEZNOSC,DATA_ZAMOWIENIA,ZWROT) VALUES (8,136,1500,'09/03/2021','Nie');
END;


BEGIN
INSERT INTO artykuly(ID_ARTYKULU,KATEGORIA,NAZWA_ARTYKULU,PRODUCENT,NIP_DOSTAWCY,CENA_JEDNOSTKOWA,ILOSC_MAGAZYN,STATUS_PRODUKTU,OUTLET) VALUES (31,7,'Brembo xc60 brake','Brembo','762-426381-7',250,16,'Na magazynie','Nie');
INSERT INTO artykuly(ID_ARTYKULU,KATEGORIA,NAZWA_ARTYKULU,PRODUCENT,NIP_DOSTAWCY,CENA_JEDNOSTKOWA,ILOSC_MAGAZYN,STATUS_PRODUKTU,OUTLET) VALUES (74,1,'Kask motocyklowy integralny LS2 FF353 RAPID S','RAPID','121-937705-5',300,32,'Na Magazynu','Nie');
INSERT INTO artykuly(ID_ARTYKULU,KATEGORIA,NAZWA_ARTYKULU,PRODUCENT,NIP_DOSTAWCY,CENA_JEDNOSTKOWA,ILOSC_MAGAZYN,STATUS_PRODUKTU,OUTLET) VALUES (75,2,'BRIDGESTONE OPONA 100/100-18 M204 59M TT DOT','BRIDGESTONE','2233',318.54,43,'Na magazynie','Nie');
INSERT INTO artykuly(ID_ARTYKULU,KATEGORIA,NAZWA_ARTYKULU,PRODUCENT,NIP_DOSTAWCY,CENA_JEDNOSTKOWA,ILOSC_MAGAZYN,STATUS_PRODUKTU,OUTLET) VALUES (60,2,'Opona Awina F952 TL 52N 3.50-10 cali','Awina','5170420502',200,5,'Na Magazynie','Nie');
INSERT INTO artykuly(ID_ARTYKULU,KATEGORIA,NAZWA_ARTYKULU,PRODUCENT,NIP_DOSTAWCY,CENA_JEDNOSTKOWA,ILOSC_MAGAZYN,STATUS_PRODUKTU,OUTLET) VALUES (76,4,'Olej Romet 2T 1L polsyntetyczny','Romet','158-739332-6',45,3,'Na Magazynie','Nie');
INSERT INTO artykuly(ID_ARTYKULU,KATEGORIA,NAZWA_ARTYKULU,PRODUCENT,NIP_DOSTAWCY,CENA_JEDNOSTKOWA,ILOSC_MAGAZYN,STATUS_PRODUKTU,OUTLET) VALUES (77,6,'ACCEL BLOKADA AMORTYZATOROW KAWASAKI KX 80/85','ACCEL','158-739332-6',932.31,5,'Na magazynie','Nie');
INSERT INTO artykuly(ID_ARTYKULU,KATEGORIA,NAZWA_ARTYKULU,PRODUCENT,NIP_DOSTAWCY,CENA_JEDNOSTKOWA,ILOSC_MAGAZYN,STATUS_PRODUKTU,OUTLET) VALUES (63,7,'Klocki hamulcowe','Kingway Crossfire','776-794250-7',15,2,'Na Magazynie','Nie');
INSERT INTO artykuly(ID_ARTYKULU,KATEGORIA,NAZWA_ARTYKULU,PRODUCENT,NIP_DOSTAWCY,CENA_JEDNOSTKOWA,ILOSC_MAGAZYN,STATUS_PRODUKTU,OUTLET) VALUES (61,2,'DUNLOP OPONA 110/90-18 D952 (E) 61M TT TYL RO','DUNLOP','158-739332-6',392.21,32,'Na magazynie','Nie');
INSERT INTO artykuly(ID_ARTYKULU,KATEGORIA,NAZWA_ARTYKULU,PRODUCENT,NIP_DOSTAWCY,CENA_JEDNOSTKOWA,ILOSC_MAGAZYN,STATUS_PRODUKTU,OUTLET) VALUES (58,5,'Filtr oleju HifloFiltro HF 303 Honda/Kawasaki','Filtr oleju HifloFiltro','dd',32,5,'Na Magazynie','Nie');
INSERT INTO artykuly(ID_ARTYKULU,KATEGORIA,NAZWA_ARTYKULU,PRODUCENT,NIP_DOSTAWCY,CENA_JEDNOSTKOWA,ILOSC_MAGAZYN,STATUS_PRODUKTU,OUTLET) VALUES (59,1,'AIROH AVIATOR ACE','AIROH','dd',1999,2,'Na magazynie','Nie');
INSERT INTO artykuly(ID_ARTYKULU,KATEGORIA,NAZWA_ARTYKULU,PRODUCENT,NIP_DOSTAWCY,CENA_JEDNOSTKOWA,ILOSC_MAGAZYN,STATUS_PRODUKTU,OUTLET) VALUES (62,6,'ACCEL ODPOWIETRZNIKI AMORTYZATOROW SHOWA, KAY','ACCEL','762-426381-7',39.99,2,'Na magazynie','Nie');
END;












